{
  "statistics": {
    "state": {
      "robot0_left_eef_pos": {
        "max": [0.08926684409379959, 0.40763160586357117, 1.2590453624725342],
        "min": [-0.38364845514297485, -0.06809839606285095, 0.9597122669219971],
        "mean": [-0.19818992912769318, 0.20247580111026764, 1.1086424589157104],
        "std": [0.10288982838392258, 0.10035204887390137, 0.05740254744887352],
        "q01": [-0.33313514590263366, -0.05422166045755148, 0.9755651831626893],
        "q99": [0.06310166344046593, 0.37828276604413985, 1.2266810715198517]
      },
      "robot0_left_eef_quat": {
        "max": [
          0.07679739594459534, -0.3777771294116974, 0.6099772453308105,
          0.8553280234336853
        ],
        "min": [
          -0.686768651008606, -0.70634925365448, -0.6901162266731262,
          0.32724928855895996
        ],
        "mean": [
          -0.4185729920864105, -0.5516299605369568, 0.24668051302433014,
          0.5826709270477295
        ],
        "std": [
          0.1694687306880951, 0.061054203659296036, 0.26068079471588135,
          0.14051255583763123
        ],
        "q01": [
          -0.6470614343881607, -0.6958137035369873, -0.5995737552642822,
          0.3356677949428558
        ],
        "q99": [
          0.03126136511564254, -0.41238344311714176, 0.540260189771652,
          0.8348317831754685
        ]
      },
      "robot0_right_eef_pos": {
        "max": [0.023031476885080338, 0.13964292407035828, 1.252982497215271],
        "min": [-0.3770235776901245, -0.42356693744659424, 0.9566478133201599],
        "mean": [-0.23652075231075287, -0.23277245461940765, 1.097470760345459],
        "std": [0.08541406691074371, 0.08805274963378906, 0.05026679113507271],
        "q01": [-0.335284723341465, -0.4045614704489708, 1.0084454417228699],
        "q99": [-0.02877734191715723, 0.003095374465919977, 1.2191709756851197]
      },
      "robot0_right_eef_quat": {
        "max": [
          0.0955972746014595, 0.7426981925964355, 0.6164782643318176,
          -0.2680980861186981
        ],
        "min": [
          -0.7251394391059875, 0.37160998582839966, 0.06776704639196396,
          -0.9169042706489563
        ],
        "mean": [
          -0.4560162127017975, 0.5266501903533936, 0.420284241437912,
          -0.5174044370651245
        ],
        "std": [
          0.17750753462314606, 0.058645788580179214, 0.11769618839025497,
          0.1467486172914505
        ],
        "q01": [
          -0.7046403080224991, 0.3843560770153999, 0.123784052208066,
          -0.8995740860700607
        ],
        "q99": [
          0.06599437743425351, 0.6254302859306334, 0.6106000930070877,
          -0.28458919674158106
        ]
      },
      "robot0_left_gripper_qpos": {
        "max": [
          1.77236008644104, 0.5343752503395081, 1.194655418395996,
          1.4465456008911133, 1.4516324996948242, 1.466049313545227,
          1.4703079462051392, 1.5721427202224731, 1.5692520141601562,
          1.5717389583587646, 1.5690932273864746
        ],
        "min": [
          0.0, -0.3204908072948456, -0.5809085965156555, -0.050031401216983795,
          -0.0012750540627166629, -0.0026475212071090937,
          -0.0015635103918612003, -0.10658608376979828, -0.0011635498376563191,
          -0.1879148781299591, -0.05408130958676338
        ],
        "mean": [
          1.4445425271987915, 0.04975848272442818, 0.30832192301750183,
          0.40327978134155273, 0.5025145411491394, 0.4682701826095581,
          0.5486874580383301, 0.51248699426651, 0.592906653881073,
          0.5665073990821838, 0.6271504759788513
        ],
        "std": [
          0.23176604509353638, 0.12544479966163635, 0.31611841917037964,
          0.4043916165828705, 0.4936753213405609, 0.4435121715068817,
          0.5207123160362244, 0.5005674958229065, 0.5696141123771667,
          0.5654394626617432, 0.6158676743507385
        ],
        "q01": [
          0.719453078508377, -0.16890711411833764, -0.08795631416141987,
          -0.0009925500839017332, -0.0009376439382322132, -0.001167759281815961,
          -0.001155829505296424, -0.0010299295943696051, -0.0008482172299409286,
          -0.0009629524749470874, -0.0006526937359012663
        ],
        "q99": [
          1.6495725631713867, 0.4357496634125707, 1.1188469886779784,
          1.3330969452857968, 1.3553113639354704, 1.3378029346466065,
          1.433272624015808, 1.5076110422611237, 1.5119113147258756,
          1.532722210884094, 1.5412476539611817
        ]
      },
      "robot0_right_gripper_qpos": {
        "max": [
          1.766674518585205, 0.6093143224716187, 0.7199585437774658,
          1.4355088472366333, 1.392806887626648, 1.3545321226119995,
          1.402012825012207, 1.4468004703521729, 1.5253605842590332,
          1.6820088624954224, 2.1404991149902344
        ],
        "min": [
          0.0, -0.060602687299251556, -0.19615530967712402, -0.5141240954399109,
          -0.33607688546180725, -0.4700223505496979, -0.320519357919693,
          -0.3443952202796936, -0.42138418555259705, -0.5210172533988953,
          -0.5944277048110962
        ],
        "mean": [
          1.6783188581466675, 0.14470919966697693, 0.244362011551857,
          0.19704335927963257, 0.229751855134964, 0.21318946778774261,
          0.253085732460022, 0.22298412024974823, 0.26293885707855225,
          0.2286331206560135, 0.2678128182888031
        ],
        "std": [
          0.17603890597820282, 0.16554266214370728, 0.2199205458164215,
          0.3397418260574341, 0.4135379493236542, 0.3631313741207123,
          0.44012296199798584, 0.3961873948574066, 0.4699922800064087,
          0.41899722814559937, 0.48787418007850647
        ],
        "q01": [
          0.741973614692688, -0.023195054195821286, -0.005947383958846331,
          -0.03842911217361688, -0.006925697159022093, -0.05266951862722635,
          -0.006915728934109211, -0.07530485056340692, -0.006242217356339097,
          -0.09194744527339935, -0.005670274794101715
        ],
        "q99": [
          1.7439105570316316, 0.49575127363204957, 0.6547502100467681,
          1.106634944677353, 1.2578698754310604, 1.0848286330699919,
          1.249496304988861, 1.354849570989608, 1.4735761523246762,
          1.4549259185791015, 1.529735416173935
        ]
      }
    },
    "action": {
      "right_arm": {
        "max": [
          0.03320207819342613, 0.18187382817268372, 1.2884013652801514,
          2.363645315170288, 2.5961647033691406, 1.557170033454895
        ],
        "min": [
          -0.4148993194103241, -0.44782182574272156, 0.9269592761993408,
          -2.348795175552368, -2.569456100463867, -1.5642731189727783
        ],
        "mean": [
          -0.23227454721927643, -0.23041674494743347, 1.096728801727295,
          -1.0714209079742432, 0.9261209964752197, 0.8970814347267151
        ],
        "std": [
          0.09004649519920349, 0.09546764940023422, 0.0548914335668087,
          0.8817852735519409, 0.9711000323295593, 0.6072849035263062
        ],
        "q01": [
          -0.3451545536518097, -0.41569114476442337, 0.9762400954961776,
          -2.0571083545684816, -2.2709765911102293, -1.4021019876003264
        ],
        "q99": [
          -0.012539296224713396, 0.07643381394445888, 1.2281535565853117,
          2.0462404251098625, 2.4348644018173218, 1.4123134672641753
        ]
      },
      "left_arm": {
        "max": [
          0.12919498980045319, 0.48302510380744934, 1.295013189315796,
          2.342238187789917, 2.919344425201416, 1.8402364253997803
        ],
        "min": [
          -0.40183523297309875, -0.10056155920028687, 0.9056063890457153,
          -1.6107053756713867, -2.8993730545043945, -1.0092663764953613
        ],
        "mean": [
          -0.19242903590202332, 0.202736958861351, 1.1054178476333618,
          1.1583315134048462, -1.4655358791351318, 0.8791450262069702
        ],