{
  "statistics": {
    "state": {
      "right_arm_eef_pos": {
        "max": [0.24200750887393951, 0.6716780662536621, 1.1379141807556152],
        "min": [-0.32646888494491577, -0.04235198348760605, 0.8091842532157898],
        "mean": [-0.03726954013109207, 0.23144052922725677, 1.0010101795196533],
        "std": [0.10311011970043182, 0.14591075479984283, 0.06886003911495209],
        "q01": [-0.2742347541451454, -0.001267096372321248, 0.8206567794084549],
        "q99": [0.17628524646162994, 0.5939395409822465, 1.1068565571308135]
      },
      "right_arm_eef_quat": {
        "max": [
          0.9999954104423523, 0.5347100496292114, 0.3068051338195801,
          0.21108081936836243
        ],
        "min": [
          0.4191562533378601, -0.9076906442642212, -0.15210942924022675,
          -0.19770413637161255
        ],
        "mean": [
          0.9448411464691162, -0.08543107658624649, 0.05389142036437988,
          0.005008312873542309
        ],
        "std": [
          0.06682345271110535, 0.29157137870788574, 0.07167503982782364,
          0.050444893538951874
        ],
        "q01": [
          0.7223300874233246, -0.6905083233118057, -0.05854381591081619,
          -0.1498426952958107
        ],
        "q99": [
          0.9998047214746475, 0.43708565056324017, 0.26373993426561365,
          0.18342670649290085
        ]
      },
      "right_gripper_qpos": {
        "max": [0.0406099297106266, 0.00030174676794558764],
        "min": [0.0008595937397330999, -0.040656398981809616],
        "mean": [0.028079334646463394, -0.02820517309010029],
        "std": [0.010594912804663181, 0.010555376298725605],
        "q01": [0.014610506892204285, -0.039984449185431],
        "q99": [0.04001037776470184, -0.014606109540909526]
      },
      "left_arm_eef_pos": {
        "max": [0.2536257803440094, 0.02760087326169014, 1.2853519916534424],
        "min": [-0.28087204694747925, -0.6326709985733032, 0.8184099793434143],
        "mean": [0.01966346614062786, -0.23486508429050446, 0.9799180030822754],
        "std": [0.11073308438062668, 0.18095111846923828, 0.07197481393814087],
        "q01": [-0.18909980937838555, -0.5992800915241241, 0.8234026485681534],
        "q99": [0.22564831987023354, 0.0062250802759081444, 1.1933669996261598]
      },
      "left_arm_eef_quat": {
        "max": [
          0.999995768070221, 0.2608100175857544, 0.5499464869499207,
          0.13734598457813263
        ],
        "min": [
          0.4273461103439331, -0.8744832277297974, -0.4079948663711548,
          -0.6976181268692017
        ],
        "mean": [
          0.8514208197593689, -0.2918115258216858, 0.059937480837106705,
          -0.15617287158966064
        ],
        "std": [
          0.13426721096038818, 0.2754368185997009, 0.13615654408931732,
          0.2226221114397049
        ],
        "q01": [
          0.5920661950111389, -0.7949044686555863, -0.2227430312335491,
          -0.6536851096153259
        ],
        "q99": [
          0.9997712236642837, 0.1935255675017838, 0.40817276626825344,
          0.08458174765110021
        ]
      },
      "left_gripper_qpos": {
        "max": [0.04140855371952057, -0.001023786491714418],
        "min": [0.0012678859056904912, -0.04056704044342041],
        "mean": [0.025562776252627373, -0.024868564680218697],
        "std": [0.013658639043569565, 0.014161601662635803],
        "q01": [0.0055102224601432685, -0.03997155603021383],
        "q99": [0.04003963533788919, -0.0032965940982103347]
      }
    },
    "action": {
      "right_arm_eef_pos": {
        "max": [1.0, 1.0, 1.0],
        "min": [-1.0, -1.0, -1.0],
        "mean": [
          0.040457066148519516, 0.03926511108875275, 0.00045609832159243524
        ],
        "std": [0.3751707375049591, 0.3840909004211426, 0.2939872443675995],
        "q01": [-1.0, -1.0, -0.6915107119083405],
        "q99": [1.0, 1.0, 0.9674534559249882]
      },
      "right_arm_eef_rot": {
        "max": [0.6482822299003601, 0.5020120143890381, 1.0],
        "min": [-0.4014328122138977, -0.5243817567825317, -0.8434631824493408],
        "mean": [
          0.0177809689193964, -0.0015972387045621872, -0.012875411659479141
        ],
        "std": [0.09132897108793259, 0.08921800553798676, 0.18546807765960693],
        "q01": [-0.16089731812477112, -0.261305536031723, -0.5636323601007461],
        "q99": [0.3636482682824151, 0.20235200002789502, 0.6018434464931497]
      },
      "right_gripper_close": {
        "max": [1.0],
        "min": [-1.0],
        "mean": [0.003667196026071906],
        "std": [0.9999933838844299],
        "q01": [-1.0],
        "q99": [1.0]
      },
      "left_arm_eef_pos": {
        "max": [1.0, 1.0, 1.0],
        "min": [-1.0, -1.0, -1.0],
        "mean": [
          0.030948316678404808, -0.058484677225351334, 0.0045754811726510525
        ],
        "std": [0.37593284249305725, 0.3132226765155792, 0.30525028705596924],
        "q01": [-1.0, -0.9565220284461975, -0.7220623129606247],
        "q99": [1.0, 1.0, 0.9580836147069947]
      },
      "left_arm_eef_rot": {
        "max": [1.0, 0.5118058919906616, 1.0],
        "min": [-0.5165727138519287, -0.4327523708343506, -1.0],
        "mean": [
          0.0010713869705796242, 0.003955171909183264, 0.004364126827567816
        ],
        "std": [0.06735395640134811, 0.07990989834070206, 0.19332729279994965],
        "q01": [
          -0.16129364863038062, -0.18821912974119187, -0.6690887999534607
        ],
        "q99": [0.17149489313364066, 0.21790395528078094, 0.7128863865137118]
      },
      "left_gripper_close": {
        "max": [1.0],
        "min": [-1.0],
        "mean": [0.025810521095991135],
        "std": [0.9996668100357056],
        "q01": [-1.0],
        "q99": [1.0]
      }
    }
  },
  "modalities": {
    "video": {
      "right_wrist_view": {
        "resolution": [256, 256],
        "channels": 3,
        "fps": 20.0
      },
      "left_wrist_view": {
        "resolution": [256, 256],
        "channels": 3,
        "fps": 20.0
      },
      "front_view": {
        "resolution": [256, 256],
        "channels": 3,
        "fps": 20.0
      }
    },
    "state": {
      "left_arm_eef_pos": {
        "absolute": true,
        "rotation_type": null,
        "shape": [3],
        "continuous": true
      },
      "left_arm_eef_quat": {
        "absolute": true,
        "rotation_type": "quaternion",
        "shape": [4],
        "continuous": true
      },
      "left_arm_joint_pos": {
        "absolute": true,
        "rotation_type": null,
        "shape": [7],
        "continuous": true
      },
      "left_gripper_qpos": {
        "absolute": true,
        "rotation_type": null,
        "shape": [2],
        "continuous": true
      },
      "right_arm_eef_pos": {
        "absolute": true,
        "rotation_type": null,
        "shape": [3],
        "continuous": true
      },
      "right_arm_eef_quat": {
        "absolute": true,
        "rotation_type": "quaternion",
        "shape": [4],
        "continuous": true
      },
      "right_arm_joint_pos": {
        "absolute": true,
        "rotation_type": null,
        "shape": [7],
        "continuous": true
      },
      "right_gripper_qpos": {
        "absolute": true,
        "rotation_type": null,
        "shape": [2],
        "continuous": true
      }
    },
    "action": {
      "left_arm_eef_pos": {
        "absolute": false,
        "rotation_type": null,
        "shape": [3],
        "continuous": true
      },
      "left_arm_eef_rot": {
        "absolute": false,
        "rotation_type": "axis_angle",
        "shape": [3],
        "continuous": true
      },
      "left_gripper_close": {
        "absolute": true,
        "rotation_type": null,
        "shape": [1],
        "continuous": false
      },
      "right_arm_eef_pos": {
        "absolute": false,
        "rotation_type": null,
        "shape": [3],
        "continuous": true
      },