{
  "statistics": {
    "state": {
      "right_arm_eef_pos": {
        "max": [0.21153287589550018, 0.5532662868499756, 1.3732990026474],
        "min": [-0.5885635018348694, -0.027960266917943954, 0.8436053395271301],
        "mean": [-0.1174062117934227, 0.26033076643943787, 1.0510109663009644],
        "std": [0.1519843190908432, 0.10014181584119797, 0.07996757328510284],
        "q01": [-0.42017584919929507, 0.01862696412950754, 0.878984010219574],
        "q99": [0.14955376118421554, 0.45154947996139516, 1.2329999780654906]
      },
      "right_arm_eef_quat": {
        "max": [
          0.9999628663063049, 0.9958183765411377, 0.5125316977500916,
          0.225318044424057
        ],
        "min": [
          0.07188189029693604, -0.9485522508621216, -0.4152716100215912,
          -0.6580984592437744
        ],
        "mean": [
          0.9031274914741516, -0.13494212925434113, 0.13375820219516754,
          -0.046802375465631485
        ],
        "std": [
          0.1284760683774948, 0.28984183073043823, 0.13775941729545593,
          0.16299906373023987
        ],
        "q01": [
          0.4593282252550125, -0.7790100800991059, -0.18410378366708754,
          -0.42774492263793945
        ],
        "q99": [
          0.9984231424331665, 0.7035436189174649, 0.39134059369564056,
          0.20315386176109312
        ]
      },
      "right_hand_12d": {
        "max": [
          1.3814023733139038, 0.6281737685203552, 0.6465119123458862,
          0.7093305587768555, 1.1122461557388306, 1.3489670753479004,
          1.521172285079956, 1.5350315570831299, 1.5457484722137451,
          1.568243384361267, 1.546656847000122, 1.5692577362060547
        ],
        "min": [
          0.0, -0.33519187569618225, -0.37377920746803284, -0.09595613926649094,
          -0.43172210454940796, -0.22829850018024445, -0.3730943202972412,
          -0.3817290663719177, -0.382770299911499, -0.3863811790943146,
          -0.48061561584472656, -0.35634279251098633
        ],
        "mean": [
          1.2425260543823242, 0.10260866582393646, 0.15094919502735138,
          0.1966804713010788, 0.2246306985616684, 0.2970247268676758,
          0.3315426707267761, 0.38487809896469116, 0.39967048168182373,
          0.4249059557914734, 0.39793816208839417, 0.4097653925418854
        ],
        "std": [
          0.13922852277755737, 0.13589397072792053, 0.16795358061790466,
          0.20724916458129883, 0.30958154797554016, 0.4061236083507538,
          0.4646869897842407, 0.5244866609573364, 0.5524664521217346,
          0.5775563716888428, 0.5430089235305786, 0.5582713484764099
        ],
        "q01": [
          0.5882771408557892, -0.13590733975172042, -0.09695809483528138,
          -0.020956355258822442, -0.0570959485322237, -0.033962440192699436,
          -0.10742273285984993, -0.1752380520105362, -0.09508910775184631,
          -0.1115008682012558, -0.01706940207630396, -0.014094149358570576
        ],
        "q99": [
          1.3127664399147034, 0.5830930924415583, 0.5573305177688598,
          0.6555116164684295, 0.9429840886592864, 1.1346843099594115,
          1.4416478252410885, 1.473602397441864, 1.5405759882926942,
          1.5619035029411317, 1.5413494157791137, 1.563508551120758
        ]
      },
      "left_arm_eef_pos": {
        "max": [0.17687901854515076, 0.0841202661395073, 1.330089807510376],
        "min": [-0.530853807926178, -0.43348294496536255, 0.840942919254303],
        "mean": [-0.1448599398136139, -0.2082439512014389, 1.0421011447906494],
        "std": [0.16353993117809296, 0.0997004508972168, 0.08782505244016647],
        "q01": [-0.4831177043914795, -0.37315719604492187, 0.8694955217838287],
        "q99": [0.1431399393081665, 0.0513327901065349, 1.2112128472328185]
      },
      "left_arm_eef_quat": {
        "max": [
          0.9999983310699463, 0.7795614004135132, 0.7208499312400818,
          0.5759080052375793
        ],
        "min": [
          0.37291795015335083, -0.4027635157108307, -0.3961784839630127,
          -0.2200952023267746
        ],
        "mean": [
          0.8726183772087097, 0.1510750949382782, 0.2045222669839859,
          0.12163572013378143
        ],
        "std": [
          0.16126921772956848, 0.2361549586057663, 0.1824512630701065,
          0.20986050367355347
        ],
        "q01": [
          0.474992550611496, -0.30601262450218203, -0.09051976948976517,
          -0.18618098348379136
        ],
        "q99": [
          0.9988630032539367, 0.7194964897632599, 0.6432299935817715,
          0.5108495485782623
        ]
      },
      "left_hand_12d": {
        "max": [
          1.360641360282898, 0.5977807641029358, 0.5807270407676697,
          0.7668202519416809, 1.3112374544143677, 1.430427074432373,
          1.445278286933899, 1.691042184829712, 1.5443114042282104,
          1.5617080926895142, 1.703752040863037, 1.5626671314239502
        ],
        "min": [
          0.0, -0.307329386472702, -0.8524275422096252, -0.851889967918396,
          -0.5886570811271667, -0.34050366282463074, -0.5592289566993713,
          -0.45414894819259644, -0.35737842321395874, -0.48100095987319946,
          -0.49202999472618103, -0.545600414276123
        ],
        "mean": [
          1.2332220077514648, 0.03291871026158333, 0.02000778540968895,
          0.05482923984527588, 0.2570508122444153, 0.31921714544296265,
          0.29299187660217285, 0.34858769178390503, 0.34890419244766235,
          0.3824158310890198, 0.343228816986084, 0.35445138812065125
        ],
        "std": [
          0.17157377302646637, 0.08797378093004227, 0.09147863835096359,
          0.13536696135997772, 0.35634326934814453, 0.4367162585258484,
          0.39628174901008606, 0.461342990398407, 0.47015008330345154,
          0.5122043490409851, 0.49553415179252625, 0.5196301937103271
        ],
        "q01": [
          0.5166736495494842, -0.16775148063898088, -0.2367374947667122,
          -0.0849149440228939, -0.07373212054371833, -0.05213003106415272,
          -0.1554293355345726, -0.1074989539384842, -0.09382073938846588,
          -0.05447988174855709, -0.04521211035549641, -0.022204606346786025
        ],
        "q99": [
          1.3170234370231628, 0.29779346048831923, 0.3880548286437987,
          0.5209774708747863, 1.2138305592536924, 1.2903450465202326,
          1.2917959499359126, 1.3448766708374023, 1.5131289958953857,
          1.5250152611732481, 1.5316744995117186, 1.5419579815864564
        ]
      }
    },
    "action": {
      "right_arm_eef_pos": {
        "max": [1.0, 1.0, 1.0],
        "min": [-1.0, -1.0, -1.0],
        "mean": [0.02507089078426361, 0.0512048713862896, -0.06291854381561279],
        "std": [0.44751182198524475, 0.5202299356460571, 0.47326239943504333],
        "q01": [-1.0, -1.0, -1.0],
        "q99": [1.0, 1.0, 1.0]
      },
      "right_arm_eef_rot": {
        "max": [1.0, 1.0, 1.0],
        "min": [-0.8191932439804077, -1.0, -1.0],
        "mean": [
          0.0056789591908454895, 0.016671085730195045, 0.010347094386816025
        ],
        "std": [0.1349124014377594, 0.19682051241397858, 0.11383108794689178],
        "q01": [-0.46156165838241575, -0.49839868247509006, -0.304647901058197],
        "q99": [0.3584959030151367, 0.829287662506103, 0.37615749597549425]
      },
      "right_hand": {
        "max": [
          1.5707963705062866, 1.5707963705062866, 1.5707963705062866,
          1.5509233474731445, 0.8970614671707153, 1.5707963705062866
        ],
        "min": [0.0, 0.0, 0.0, 0.0, 0.0, 1.5707963705062866],
        "mean": [
          0.3723321259021759, 0.4350329041481018, 0.44015681743621826,
          0.38244980573654175, 0.07957194745540619, 1.5707966089248657
        ],
        "std": [
          0.5819645524024963, 0.6166635155677795, 0.6157572865486145,
          0.5670159459114075, 0.18943938612937927, 2.384185791015625e-7
        ],
        "q01": [0.0, 0.0, 0.0, 0.0, 0.0, 1.5707963705062866],