{
  "statistics": {
    "state": {
      "base_position": {
        "max": [5.600419521331787, -0.4954926669597626, 0.7101243734359741],
        "min": [0.7992746829986572, -4.3420281410217285, 0.6996049880981445],
        "mean": [2.4531490802764893, -1.2412935495376587, 0.6921443343162537],
        "std": [1.4610241651535034, 0.9048363566398621, 0.008087079972028732],
        "q01": [0.7999780774116516, -4.268056316375732, 0.6999268531799316],
        "q99": [5.600017070770264, -0.5049465394020081, 0.7028756296634674]
      },
      "base_rotation": {
        "max": [0.0, 0.0, 1.0, 1.0],
        "min": [0.0, 0.0, -1.0, 0.0],
        "mean": [0.0, 0.0, 0.5373806953430176, 0.7035416960716248],
        "std": [0.0, 0.0, 0.3798721432685852, 0.25717923045158386],
        "q01": [0.0, 0.0, -1.0, 1.5395517184515484e-5],
        "q99": [0.0, 0.0, 1.0, 1.0]
      },
      "end_effector_position_absolute": {
        "max": [6.053133010864258, -0.008551091887056828, 1.8568346500396729],
        "min": [0.321168452501297, -5.000166893005371, 1.0983644723892212],
        "mean": [2.4768617153167725, -1.2333300113677979, 1.5444847345352173],
        "std": [1.4946707487106323, 0.9469804167747498, 0.10506536066532135],
        "q01": [0.5062359499931336, -4.513094100952149, 1.2906224989891053],
        "q99": [5.857659063339233, -0.4008659112453462, 1.7672229838371274]
      },
      "end_effector_position_relative": {
        "max": [0.5254927277565002, 0.7173858880996704, 1.1568338871002197],
        "min": [-0.46594083309173584, -0.7470821142196655, 0.39830735325813293],
        "mean": [
          0.022976374253630638, -0.02618851698935032, 0.8454009294509888
        ],
        "std": [0.20550085604190826, 0.3305022120475769, 0.10505940020084381],
        "q01": [-0.3682131481170654, -0.635180903673172, 0.5906017172336578],
        "q99": [0.4031968647241592, 0.6091644835472105, 1.0670286393165587]
      },
      "end_effector_rotation_absolute": {
        "max": [
          0.9997734427452087, 0.9918839335441589, 0.9815630316734314,
          0.8879576325416565
        ],
        "min": [
          -0.9069392681121826, -0.9997153282165527, -0.8211750388145447,
          -0.9823317527770996
        ],
        "mean": [
          0.4389226734638214, 0.2082643359899521, 0.23952342569828033,
          -0.263898104429245
        ],
        "std": [
          0.39418739080429077, 0.4843309223651886, 0.2951187193393707,
          0.39959537982940674
        ],
        "q01": [
          -0.5950978577136994, -0.9463755178451538, -0.464188534617424,
          -0.8514755654335022
        ],
        "q99": [
          0.9882106590270996, 0.9062302327156067, 0.7852323222160338,
          0.7125023424625395
        ]
      },
      "end_effector_rotation_relative": {
        "max": [
          0.9998964667320251, 0.9517956972122192, 0.9465405941009521,
          0.9645193219184875
        ],
        "min": [
          -0.9997060298919678, -0.9138960838317871, -0.910290002822876,
          1.8002660340243892e-7
        ],
        "mean": [
          -0.23352915048599243, 0.2980556786060333, -0.1608123928308487,
          0.32651522755622864
        ],
        "std": [
          0.610888659954071, 0.33046337962150574, 0.43891021609306335,
          0.2206069529056549
        ],
        "q01": [
          -0.990570262670517, -0.7230223000049592, -0.8175859439373017,
          0.002659411197528243
        ],
        "q99": [
          0.9832606399059295, 0.8517714488506313, 0.7562494289875025,
          0.7590071249008175
        ]
      },
      "gripper_qpos": {
        "max": [0.04652979224920273, 0.008872772566974163],
        "min": [-0.0062323808670043945, -0.04643373563885689],
        "mean": [0.03887389600276947, -0.03861193731427193],
        "std": [0.0032778577879071236, 0.003507903078570962],
        "q01": [0.0214083231985569, -0.04053752295672894],
        "q99": [0.04056700214743614, -0.021352790221571924]
      },
      "gripper_qvel": {
        "max": [0.5099196434020996, 0.799578845500946],
        "min": [-0.5675991773605347, -0.5018897652626038],
        "mean": [0.0006501941243186593, -0.0007091518491506577],
        "std": [0.012588001787662506, 0.014641043730080128],
        "q01": [-0.02789606962352991, -0.05281623274087906],
        "q99": [0.052814828678965565, 0.029929090142249884]
      },
      "joint_position": {
        "max": [
          2.905778646469116, 1.6682127714157104, 2.811133861541748,
          -0.04204361140727997, 2.91282057762146, 3.790846109390259,
          2.925748348236084
        ],
        "min": [
          -2.7904117107391357, -1.7812806367874146, -2.9019548892974854,
          -3.0768325328826904, -2.9101953506469727, 0.039598479866981506,
          -2.9260504245758057
        ],
        "mean": [
          0.0697600394487381, -0.9891743659973145, -0.12237728387117386,
          -1.1752681732177734, 0.1847812980413437, 1.5394322872161865,
          0.9090095162391663
        ],
        "std": [
          0.6026626229286194, 0.31861793994903564, 0.6539450287818909,
          0.7357100248336792, 0.535513162612915, 0.5335255861282349,
          0.9425862431526184
        ],
        "q01": [
          -1.3978500008583068, -1.6341180849075316, -1.259895420074463,
          -2.5586204385757445, -1.0406841325759888, 0.4283546435832977,
          -1.0492126774787902
        ],
        "q99": [
          1.8728647685050956, -0.09654448762536523, 1.1714940929412836,
          -0.06923957645893097, 1.617382717132568, 3.668865861892699,
          2.8977560997009277
        ]
      },
      "joint_position_cos": {
        "max": [
          1.0, 1.0, 1.0, 0.9991163015365601, 1.0, 0.9992160797119141, 1.0
        ],
        "min": [
          -0.9723244905471802, -0.2089335322380066, -0.9714240431785583,
          -0.9979038238525391, -0.9739455580711365, -1.0, -0.9768605828285217
        ],
        "mean": [
          0.8404344320297241, 0.5194442272186279, 0.7946532964706421,
          0.29361456632614136, 0.8592997789382935, 0.05294196680188179,
          0.38751739263534546
        ],
        "std": [
          0.26458650827407837, 0.2360389679670334, 0.19398361444473267,
          0.5849204063415527, 0.23486928641796112, 0.40903547406196594,
          0.5588132739067078
        ],
        "q01": [
          -0.40703105092048647, -0.06328037306666374, 0.26949145436286925,
          -0.8348301231861115, -0.11836874857544899, -0.9787365376949311,
          -0.9704189300537109
        ],
        "q99": [
          0.999998927116394, 0.9761789703369139, 0.9999931454658508,
          0.9976038932800293, 0.9999971985816956, 0.9096504044532774,
          0.99934126496315
        ]
      },
      "joint_position_sin": {
        "max": [
          1.0, 0.9999909400939941, 1.0, -0.04203122854232788, 1.0, 1.0, 1.0
        ],
        "min": [-1.0, -1.0, -1.0, -1.0, -1.0, -0.6045919060707092, -1.0],
        "mean": [
          0.055831536650657654, -0.7978306412696838, -0.10393228381872177,
          -0.6910811066627502, 0.151872456073761, 0.8785387873649597,
          0.5073612332344055
        ],
        "std": [
          0.4706692695617676, 0.19726212322711945, 0.566390335559845,
          0.30670931935310364, 0.4306201934814453, 0.2472347766160965,
          0.5298088788986206
        ],
        "q01": [
          -0.9567743515968323, -0.999722386598587, -0.9516595900058746,
          -0.9999363422393799, -0.8437020182609558, -0.5031787300109863,
          -0.8596292531490326
        ],
        "q99": [
          0.9635931837558743, -0.09639457613230223, 0.9210547637939452,
          -0.06918374970555306, 0.9907511806488036, 0.9999846816062927,
          0.9999427795410156
        ]
      },
      "joint_velocity": {
        "max": [
          3.257681369781494, 3.899738073348999, 5.158160209655762,
          4.638374328613281, 5.280289649963379, 5.959667682647705,
          5.961095333099365
        ],